Rider,Team,GC,TT,Sprint,Climber,Classic,Age,crawl_date
Primož Roglič,Team Jumbo-Visma,3581,2491,214,2572,512,30,2020-02-06
Julian Alaphilippe,Deceuninck - Quick Step,1808,995,1326,3364,3470,27,2020-02-06
Alejandro Valverde,Movistar Team,12065,4575,5474,13660,11753,39,2020-02-06
Jakob Fuglsang,Astana Pro Team,5445,1371,817,4845,2674,34,2020-02-06
Egan Bernal,Team INEOS,2371,406,156,1889,677,23,2020-02-06
Greg Van Avermaet,CCC Team,3316,568,7228,3617,10427,34,2020-02-06
Pascal Ackermann,BORA - hansgrohe,90,0,2679,300,2110,26,2020-02-06
Elia Viviani,"Cofidis, Solutions Crédits",821,160,8128,320,4079,30,2020-02-06
Caleb Ewan,Lotto Soudal,198,148,4530,201,1224,25,2020-02-06
Alexander Kristoff,UAE-Team Emirates,1953,291,10926,461,8044,32,2020-02-06
Matteo Trentin,CCC Team,433,243,3452,952,2866,30,2020-02-06
Peter Sagan,BORA - hansgrohe,1496,1276,13438,3038,8791,30,2020-02-06
Tadej Pogačar,UAE-Team Emirates,1019,201,272,1020,165,21,2020-02-06
Bauke Mollema,Trek - Segafredo,5128,1446,966,6589,3792,33,2020-02-06
Mathieu van der Poel,Alpecin-Fenix,524,239,1468,110,1368,25,2020-02-06
Oliver Naesen,AG2R La Mondiale,1035,33,1835,664,3186,29,2020-02-06
Emanuel Buchmann,BORA - hansgrohe,2215,226,74,2021,605,27,2020-02-06
Sam Bennett,Deceuninck - Quick Step,243,41,5040,246,1722,29,2020-02-06
Dylan Groenewegen,Team Jumbo-Visma,246,13,6046,10,2319,26,2020-02-06
Alexey Lutsenko,Astana Pro Team,1679,545,1106,1200,1251,27,2020-02-06
Adam Yates,Mitchelton-Scott,2745,446,172,3300,1248,27,2020-02-06
Nairo Quintana,Team Arkéa Samsic,7771,1255,157,6372,469,30,2020-02-06
Mike Teunissen,Team Jumbo-Visma,700,264,1447,92,1091,27,2020-02-06
Diego Ulissi,UAE-Team Emirates,3274,829,1728,3384,3770,30,2020-02-06
Tim Wellens,Lotto Soudal,2482,802,752,1938,2768,28,2020-02-06
Miguel Ángel López,Astana Pro Team,2589,398,153,2706,222,26,2020-02-06
Michael Matthews,Team Sunweb,690,1317,4893,1532,4582,29,2020-02-06
Michael Woods,EF Pro Cycling,1135,18,274,2186,1586,33,2020-02-06
Tiesj Benoot,Team Sunweb,1210,60,1170,1562,2627,25,2020-02-06
Mikel Landa,Bahrain - McLaren,3005,152,167,3782,527,30,2020-02-06
Guillaume Martin,"Cofidis, Solutions Crédits",1368,2,298,1118,653,26,2020-02-06
Maximilian Schachmann,BORA - hansgrohe,618,772,194,985,639,26,2020-02-06
Richard Carapaz,Team INEOS,1394,119,123,1386,164,26,2020-02-06
Yves Lampaert,Deceuninck - Quick Step,779,1373,1642,165,1735,28,2020-02-06
Rafał Majka,BORA - hansgrohe,3785,827,210,5034,1045,30,2020-02-06
Vincenzo Nibali,Trek - Segafredo,8785,3590,1390,8489,4236,35,2020-02-06
Sergio Higuita,EF Pro Cycling,524,41,210,662,309,22,2020-02-06
Thibaut Pinot,Groupama - FDJ,5256,1250,281,6198,1610,29,2020-02-06
Jasper Stuyven,Trek - Segafredo,624,88,2492,646,2441,27,2020-02-06
Ion Izagirre,Astana Pro Team,3893,2432,254,2853,1230,31,2020-02-06
Zdeněk Štybar,Deceuninck - Quick Step,1320,185,2442,674,3224,34,2020-02-06
Sonny Colbrelli,Bahrain - McLaren,723,108,3884,928,4303,29,2020-02-06
Philippe Gilbert,Lotto Soudal,3669,1348,7746,3844,12025,37,2020-02-06
Daryl Impey,Mitchelton-Scott,1760,938,2187,1321,1332,35,2020-02-06
Steven Kruijswijk,Team Jumbo-Visma,3923,1168,384,3391,330,32,2020-02-06
Dylan Teuns,Bahrain - McLaren,1561,343,600,1736,908,27,2020-02-06
Remco Evenepoel,Deceuninck - Quick Step,439,456,32,198,235,20,2020-02-06
Enric Mas,Movistar Team,1433,278,74,1230,178,25,2020-02-06
Geraint Thomas,Team INEOS,4322,3525,1384,2596,1212,33,2020-02-06
Wout Poels,Bahrain - McLaren,3320,825,523,3178,911,32,2020-02-06
Wout van Aert,Team Jumbo-Visma,271,426,1118,306,1385,25,2020-02-06
Arnaud Démare,Groupama - FDJ,911,317,7352,216,4233,28,2020-02-06
Jesús Herrada,"Cofidis, Solutions Crédits",1524,685,564,1325,998,29,2020-02-06
Romain Bardet,AG2R La Mondiale,4444,283,368,5541,2435,29,2020-02-06
David Gaudu,Groupama - FDJ,709,19,77,930,606,23,2020-02-06
Bryan Coquard,B&B Hotels - Vital Concept p/b KTM,875,289,5270,179,1943,27,2020-02-06
Stefan Küng,Groupama - FDJ,586,2080,297,258,723,26,2020-02-06
Pavel Sivakov,Team INEOS,913,258,71,447,168,22,2020-02-06
Rui Costa,UAE-Team Emirates,5188,1440,1080,4692,3466,33,2020-02-06
Felix Großschartner,BORA - hansgrohe,1184,414,220,636,142,26,2020-02-06
Fernando Gaviria,UAE-Team Emirates,78,77,3668,94,1184,25,2020-02-06
Simon Clarke,EF Pro Cycling,1346,134,1484,1140,1429,33,2020-02-06
Rohan Dennis,Team INEOS,2416,4330,303,984,36,29,2020-02-06
Luis León Sánchez,Astana Pro Team,5315,2602,2220,2968,1605,36,2020-02-06
Richie Porte,Trek - Segafredo,6353,3454,484,3480,137,35,2020-02-06
Jasper Philipsen,UAE-Team Emirates,128,76,1262,82,660,21,2020-02-06
Amund Grøndahl Jansen,Team Jumbo-Visma,427,44,594,118,720,25,2020-02-06
Nils Politt,Israel Start-Up Nation,494,745,480,192,862,25,2020-02-06
Simon Yates,Mitchelton-Scott,2846,662,224,3339,531,27,2020-02-06
Kasper Asgreen,Deceuninck - Quick Step,228,599,202,294,340,24,2020-02-06
Marc Sarreau,Groupama - FDJ,139,130,2043,54,1094,26,2020-02-06
Fabio Jakobsen,Deceuninck - Quick Step,33,38,1732,4,735,23,2020-02-06
Dan Martin,Israel Start-Up Nation,5319,410,764,6113,3222,33,2020-02-06
Timothy Dupont,Circus - Wanty Gobert,151,2,4468,25,2749,32,2020-02-06
Anthony Turgis,Team Total Direct Energie,569,170,626,142,751,25,2020-02-06
Baptiste Planckaert,Bingoal - Wallonie Bruxelles,367,9,3226,279,2773,31,2020-02-06
Davide Formolo,UAE-Team Emirates,1670,146,248,1952,699,27,2020-02-06
Alberto Bettiol,EF Pro Cycling,312,176,408,304,1195,26,2020-02-06
Christophe Laporte,"Cofidis, Solutions Crédits",501,563,2106,39,1015,27,2020-02-06
Giulio Ciccone,Trek - Segafredo,479,80,94,1026,434,25,2020-02-06
Jack Haig,Mitchelton-Scott,1134,143,150,982,495,26,2020-02-06
Benoît Cosnefroy,AG2R La Mondiale,155,77,448,150,927,24,2020-02-06
Giacomo Nizzolo,NTT Pro Cycling,525,227,5430,224,2737,31,2020-02-06
Giovanni Visconti,Vini Zabù - KTM,1917,727,3640,3032,5426,37,2020-02-06
Andrea Vendrame,AG2R La Mondiale,214,98,530,368,640,25,2020-02-06
Michał Kwiatkowski,Team INEOS,3000,3050,1379,2484,3649,29,2020-02-06
Patrick Konrad,BORA - hansgrohe,1453,324,334,1560,752,28,2020-02-06
Warren Barguil,Team Arkéa Samsic,2030,73,406,2501,1023,28,2020-02-06
John Degenkolb,Lotto Soudal,923,268,8132,398,5197,31,2020-02-06
Tom Van Asbroeck,Israel Start-Up Nation,433,20,3342,106,1973,29,2020-02-06
Bob Jungels,Deceuninck - Quick Step,1989,2317,637,1380,1026,27,2020-02-06
Fausto Masnada,CCC Team,680,33,61,579,217,26,2020-02-06
Ben Hermans,Israel Start-Up Nation,2811,450,1070,1697,1203,33,2020-02-06
Laurens De Plus,Team Jumbo-Visma,645,245,76,471,125,24,2020-02-06
Davide Cimolai,Israel Start-Up Nation,425,6,1562,472,910,30,2020-02-06
Pello Bilbao,Bahrain - McLaren,1349,485,601,1810,590,29,2020-02-06
Sep Vanmarcke,EF Pro Cycling,667,264,2412,386,4057,31,2020-02-06
Tao Geoghegan Hart,Team INEOS,940,333,109,900,173,24,2020-02-06
Lilian Calmejane,Team Total Direct Energie,1034,179,706,850,602,27,2020-02-06
Iván Ramiro Sosa,Team INEOS,776,1,34,504,135,22,2020-02-06
Jasper De Buyst,Lotto Soudal,393,113,1208,119,993,26,2020-02-06
Valentin Madouas,Groupama - FDJ,385,64,291,394,654,23,2020-02-06
Cees Bol,Team Sunweb,162,118,874,60,435,24,2020-02-06
Gorka Izagirre,Astana Pro Team,1862,683,550,1704,1012,32,2020-02-06
Youcef Reguigui,Terengganu Inc. TSG Cycling Team,442,107,1948,129,384,30,2020-02-06
Marc Hirschi,Team Sunweb,287,66,130,174,309,21,2020-02-06
Daniel Felipe Martínez,EF Pro Cycling,856,501,34,546,210,23,2020-02-06
Mads Pedersen,Trek - Segafredo,456,694,798,108,1104,24,2020-02-06
Jens Keukeleire,EF Pro Cycling,1038,161,1922,306,1865,31,2020-02-06
Ilnur Zakarin,CCC Team,2972,1069,345,2685,401,30,2020-02-06
Aleksandr Vlasov,Astana Pro Team,465,57,82,329,65,23,2020-02-06
Niki Terpstra,Team Total Direct Energie,2357,1718,2702,270,4514,35,2020-02-06
Andrea Pasqualon,Circus - Wanty Gobert,502,74,2706,350,1693,32,2020-02-06
Jan Polanc,UAE-Team Emirates,1152,241,293,1202,431,27,2020-02-06
Mikel Nieve,Mitchelton-Scott,3236,31,141,3892,751,35,2020-02-06
Rigoberto Urán,EF Pro Cycling,4528,1426,1026,5328,2763,33,2020-02-06
Krists Neilands,Israel Start-Up Nation,456,194,347,248,353,25,2020-02-06
Benjamin Dyball,NTT Pro Cycling,749,523,116,285,107,30,2020-02-06
Michael Valgren,NTT Pro Cycling,1046,401,610,826,1989,27,2020-02-06
Hugo Hofstetter,Israel Start-Up Nation,0,0,1333,81,1184,25,2020-02-06
Iván García Cortina,Bahrain - McLaren,197,74,564,341,421,24,2020-02-06
Kristoffer Halvorsen,EF Pro Cycling,142,0,973,44,608,23,2020-02-06
Dries De Bondt,Alpecin-Fenix,117,1,815,61,805,28,2020-02-06
Florian Sénéchal,Deceuninck - Quick Step,401,162,1328,124,1333,26,2020-02-06
Wilco Kelderman,Team Sunweb,3632,1896,762,2837,530,28,2020-02-06
George Bennett,Team Jumbo-Visma,2289,124,86,2015,224,29,2020-02-06
Álvaro José Hodeg,Deceuninck - Quick Step,12,6,1286,10,493,23,2020-02-06
Domenico Pozzovivo,NTT Pro Cycling,5525,707,853,5790,2280,37,2020-02-06
Matej Mohorič,Bahrain - McLaren,818,164,514,664,833,25,2020-02-06
Niccolò Bonifazio,Team Total Direct Energie,314,48,2475,139,1107,26,2020-02-06
James Knox,Deceuninck - Quick Step,497,49,46,381,46,24,2020-02-06
Dylan van Baarle,Team INEOS,1097,950,663,267,944,27,2020-02-06
Ryan Gibbons,NTT Pro Cycling,320,155,804,234,303,25,2020-02-06
Carl Fredrik Hagen,Lotto Soudal,683,1,249,360,96,28,2020-02-06
Hugh Carthy,EF Pro Cycling,1085,225,31,874,174,25,2020-02-06
Michael Mørkøv,Deceuninck - Quick Step,799,275,1306,141,972,34,2020-02-06
Edvald Boasson Hagen,NTT Pro Cycling,3515,2874,7947,1438,3910,32,2020-02-06
Luka Mezgec,Mitchelton-Scott,318,33,3336,165,992,31,2020-02-06
Edward Theuns,Trek - Segafredo,420,97,2649,64,1670,28,2020-02-06
Toms Skujiņš,Trek - Segafredo,503,167,706,642,930,28,2020-02-06
Chris Lawless,Team INEOS,249,30,567,131,290,24,2020-02-06
Lucas Hamilton,Mitchelton-Scott,517,54,257,277,182,23,2020-02-06
Eduard Prades,Movistar Team,1001,30,1196,638,665,32,2020-02-06
Victor Campenaerts,NTT Pro Cycling,552,2326,176,126,130,28,2020-02-06
Eddie Dunbar,Team INEOS,458,129,192,225,184,23,2020-02-06
Mattia Cattaneo,Deceuninck - Quick Step,600,405,226,710,640,29,2020-02-06
Max Walscheid,NTT Pro Cycling,70,156,1524,16,533,26,2020-02-06
Simone Velasco,Gazprom - RusVelo,108,3,242,252,518,24,2020-02-06
Rudy Molard,Groupama - FDJ,1018,142,508,1033,748,30,2020-02-06
Simone Consonni,"Cofidis, Solutions Crédits",128,21,1143,94,626,25,2020-02-06
Thomas De Gendt,Lotto Soudal,1090,1901,792,1522,237,33,2020-02-06
Thomas Boudat,Team Arkéa Samsic,143,59,1391,22,969,25,2020-02-06
Piotr Havik,Riwal Readynez Cycling Team,40,18,578,1,447,25,2020-02-06
Maximiliano Richeze,UAE-Team Emirates,453,151,4616,534,1088,36,2020-02-06
Aimé De Gendt,Circus - Wanty Gobert,253,104,351,64,424,25,2020-02-06
Tanel Kangert,EF Pro Cycling,2019,1206,336,1392,638,32,2020-02-06
Ruben Guerreiro,EF Pro Cycling,657,27,358,529,297,25,2020-02-06
Filippo Ganna,Team INEOS,186,974,57,16,99,23,2020-02-06
Bjorg Lambrecht ,,375,31,168,552,324,Date of birth: 2nd April 1997Passed away on: 5th August 2019Nationality: BelgiumWeight: 56 kg   Height: 1.69 mPlace of birth: GhentPoints per specialty324One day races375GC31Time trial168Sprint552ClimberTwitterInstagramStravaFacebookRankings |  PCS 166  UCI 119  Visits: ▼50 this wee,2020-02-06
Gianni Moscon,Team INEOS,664,394,374,732,1316,25,2020-02-06
Merhawi Kudus,Astana Pro Team,1042,149,262,916,260,26,2020-02-06
Eduard-Michael Grosu,NIPPO DELKO One Provence,267,282,2416,166,375,27,2020-02-06
Tim Merlier,Alpecin-Fenix,5,3,1126,0,620,27,2020-02-06
Carlos Betancur,Movistar Team,1577,285,748,1500,1153,30,2020-02-06
Simon Špilak ,,4134,1361,477,1680,659,33,2020-02-06
Tom Dumoulin,Team Jumbo-Visma,3802,4883,575,2866,1015,29,2020-02-06
Kristian Sbaragli,Alpecin-Fenix,319,0,1986,398,1441,29,2020-02-06
Amaury Capiot,Sport Vlaanderen - Baloise,30,10,1278,55,887,26,2020-02-06
Jos van Emden,Team Jumbo-Visma,1089,3325,778,89,810,34,2020-02-06
Tejay van Garderen,EF Pro Cycling,4943,3117,490,3360,147,31,2020-02-06
Marc Soler,Movistar Team,1178,480,61,1061,226,26,2020-02-06
Nans Peters,AG2R La Mondiale,192,61,111,350,269,25,2020-02-06
Julien Simon,Team Total Direct Energie,1006,174,2082,1078,2579,34,2020-02-06
Xandro Meurisse,Circus - Wanty Gobert,869,53,866,534,501,28,2020-02-06
Lawson Craddock,EF Pro Cycling,699,906,216,462,130,27,2020-02-06
Tony Gallopin,AG2R La Mondiale,2186,1036,1982,2438,2809,31,2020-02-06
Jan Hirt,CCC Team,863,25,136,926,92,29,2020-02-06
Alex Aranburu,Astana Pro Team,231,2,376,317,217,24,2020-02-06
Óscar Rodríguez,Astana Pro Team,266,116,22,334,51,24,2020-02-06
Mathias Frank,AG2R La Mondiale,2783,575,352,2386,647,33,2020-02-06
James Piccoli,Israel Start-Up Nation,397,217,119,186,48,28,2020-02-06
Esteban Chaves,Mitchelton-Scott,2114,200,306,2476,764,30,2020-02-06
Pierre Latour,AG2R La Mondiale,1509,616,164,1738,515,26,2020-02-06
Joe Dombrowski,UAE-Team Emirates,1093,224,38,953,60,28,2020-02-06
Odd Christian Eiking,Circus - Wanty Gobert,621,39,364,506,334,25,2020-02-06
Valerio Conti,UAE-Team Emirates,671,232,202,716,295,26,2020-02-06
André Greipel,Israel Start-Up Nation,1883,500,15873,342,4528,37,2020-02-06
Mihkel Räim,Israel Start-Up Nation,333,154,1398,60,411,26,2020-02-06
Tosh Van der Sande,Lotto Soudal,553,1,1438,457,390,29,2020-02-06
Justin Jules,NIPPO DELKO One Provence,261,1,2723,52,1098,33,2020-02-06
Loïc Vliegen,Circus - Wanty Gobert,490,23,510,171,477,26,2020-02-06
Quentin Pacher,B&B Hotels - Vital Concept p/b KTM,547,56,568,206,369,28,2020-02-06
Rémi Cavagna,Deceuninck - Quick Step,388,437,244,186,162,24,2020-02-06
Jai Hindley,Team Sunweb,592,9,162,293,114,23,2020-02-06
Damiano Caruso,Bahrain - McLaren,2524,681,954,2352,546,32,2020-02-06
Lionel Taminiaux,Bingoal - Wallonie Bruxelles,16,23,419,0,329,23,2020-02-06
Clément Venturini,AG2R La Mondiale,271,61,1480,218,513,26,2020-02-06
Hermann Pernsteiner,Bahrain - McLaren,639,27,18,512,151,29,2020-02-06
Attila Valter,CCC Team,210,68,182,66,32,21,2020-02-06
Davide Villella,Movistar Team,666,91,346,692,886,28,2020-02-06
Cristian Raileanu,Team Sapura Cycling,344,153,320,99,82,27,2020-02-06
Søren Kragh Andersen,Team Sunweb,611,1110,749,212,457,25,2020-02-06
Óscar Sevilla,Team Medellin,4637,2159,2779,2042,768,43,2020-02-06
Matthias Brändle,Israel Start-Up Nation,869,2611,666,163,427,30,2020-02-06
Jonas Vingegaard,Team Jumbo-Visma,281,92,216,84,28,23,2020-02-06
Nacer Bouhanni,Team Arkéa Samsic,379,51,8333,376,3580,29,2020-02-06
Chris Harper,Team Jumbo-Visma,341,142,212,154,156,25,2020-02-06
Maciej Paterski,Wibatech Merx 7R,923,246,1651,467,989,33,2020-02-06
Jens Debusschere,B&B Hotels - Vital Concept p/b KTM,512,65,3054,78,2167,30,2020-02-06
Danny van Poppel,Circus - Wanty Gobert,293,343,3438,158,1292,26,2020-02-06
Jonathan Hivert,Team Total Direct Energie,1467,531,1656,774,1656,34,2020-02-06
Carlos Barbero,NTT Pro Cycling,387,0,2182,182,1059,28,2020-02-06
Nikias Arndt,Team Sunweb,475,653,1511,342,638,28,2020-02-06
Chris Hamilton,Team Sunweb,494,58,21,236,68,24,2020-02-06
Luke Rowe,Team INEOS,374,142,749,15,1025,29,2020-02-06
Davide Ballerini,Deceuninck - Quick Step,69,82,739,185,572,25,2020-02-06
José Joaquín Rojas,Movistar Team,1802,129,5690,1546,2778,34,2020-02-06
Antwan Tolhoek,Team Jumbo-Visma,420,6,20,485,283,25,2020-02-06
Onur Balkan ,,247,143,1234,44,189,23,2020-02-06
Rein Taaramäe,Team Total Direct Energie,2536,1270,761,1480,702,32,2020-02-06
Nikolay Cherkasov,Gazprom - RusVelo,162,15,54,139,115,23,2020-02-06
Christophe Noppe,Team Arkéa Samsic,9,16,738,8,457,25,2020-02-06
Julien El Fares,NIPPO DELKO One Provence,1388,83,1096,573,584,34,2020-02-06
Marco Haller,Bahrain - McLaren,375,5,700,130,558,28,2020-02-06
Arvid de Kleijn,Riwal Readynez Cycling Team,28,0,826,0,401,25,2020-02-06
Edwin Ávila, Israel Cycling Academy,325,47,1146,187,177,30,2020-02-06
Rasmus Quaade,Riwal Readynez Cycling Team,379,851,290,70,111,30,2020-02-06
Gianluca Brambilla,Trek - Segafredo,1230,148,752,1838,1254,32,2020-02-06
Tom-Jelte Slagter,B&B Hotels - Vital Concept p/b KTM,1283,223,652,1500,1481,30,2020-02-06
Nelson Oliveira,Movistar Team,721,2119,144,316,358,30,2020-02-06
Gregor Mühlberger,BORA - hansgrohe,383,171,442,592,569,25,2020-02-06
Jon Aberasturi,Caja Rural - Seguros RGA,124,157,2216,98,405,30,2020-02-06
Alexis Gougeard,AG2R La Mondiale,537,424,532,212,499,26,2020-02-06
Owain Doull,Team INEOS,310,194,546,58,317,26,2020-02-06
Edoardo Affini,Mitchelton-Scott,105,393,76,7,42,23,2020-02-06
Sébastien Reichenbach,Groupama - FDJ,1394,115,274,1236,594,30,2020-02-06
Alexandr Riabushenko,UAE-Team Emirates,46,1,330,78,304,24,2020-02-06
Sebastian Langeveld,EF Pro Cycling,1223,992,1155,128,2119,35,2020-02-06
Kevin Rivera,Androni Giocattoli - Sidermec,279,37,74,155,26,21,2020-02-06
Tobias Ludvigsson,Groupama - FDJ,828,1525,190,198,102,28,2020-02-06
Élie Gesbert,Team Arkéa Samsic,345,4,183,209,103,24,2020-02-06
Emīls Liepiņš,Trek - Segafredo,184,136,1355,11,430,27,2020-02-06
Diego Rosa,Team Arkéa Samsic,817,343,136,1000,894,30,2020-02-06
Timo Roosen,Team Jumbo-Visma,351,187,684,101,730,27,2020-02-06
Edgar Pinto,W52 / FC Porto ,740,219,749,396,18,34,2020-02-06
Winner Anacona,Team Arkéa Samsic,831,213,120,784,164,31,2020-02-06
Nicolas Edet,"Cofidis, Solutions Crédits",1313,74,634,874,373,32,2020-02-06
Nicolas Roche,Team Sunweb,3280,522,1817,3854,1272,35,2020-02-06
João Rodrigues,W52 / FC Porto ,190,192,50,139,16,25,2020-02-06
Reinardt Janse van Rensburg,NTT Pro Cycling,808,437,2070,220,973,31,2020-02-06
Dario Cataldo,Movistar Team,1430,1133,702,1552,595,34,2020-02-06
Patrick Bevin,CCC Team,540,1182,902,395,68,28,2020-02-06
Daniel Muñoz,Androni Giocattoli - Sidermec,210,5,24,70,0,23,2020-02-06
Jeroen Meijers,SSIOS Miogee Cycling Team,460,7,587,66,207,27,2020-02-06
Niklas Larsen,Uno-X Norwegian Development Team,172,99,252,5,78,22,2020-02-06
Adrien Petit,Team Total Direct Energie,300,359,2360,19,1502,29,2020-02-06
Rudy Barbier,Israel Start-Up Nation,192,38,2235,2,1107,27,2020-02-06
Carlos Quintero,Terengganu Inc. TSG Cycling Team,228,23,162,220,213,33,2020-02-06
Roman Kreuziger,NTT Pro Cycling,4996,2168,660,4283,2401,33,2020-02-06
Thomas Lebas,Kinan Cycling Team,867,58,584,434,89,34,2020-02-06
Lorrenzo Manzin,Team Total Direct Energie,205,2,1346,20,512,25,2020-02-06
Lawrence Naesen,AG2R La Mondiale,3,0,326,70,364,27,2020-02-06
Jonathan Lastra,Caja Rural - Seguros RGA,228,1,195,314,192,26,2020-02-06
Piet Allegaert,"Cofidis, Solutions Crédits",19,140,311,18,271,25,2020-02-06
Víctor de la Parte,CCC Team,958,544,203,502,84,33,2020-02-06
Matteo Pelucchi,Bardiani-CSF-Faizanè,38,97,2780,32,693,31,2020-02-06
David de la Cruz,UAE-Team Emirates,1526,569,58,1471,100,30,2020-02-06
Boy van Poppel,Circus - Wanty Gobert,307,77,1740,10,712,32,2020-02-06
Alexis Vuillermoz,AG2R La Mondiale,1445,68,386,1410,1119,31,2020-02-06
Damien Howson,Mitchelton-Scott,711,638,100,268,90,27,2020-02-06
Roy Jans,Alpecin-Fenix,40,8,2705,32,1710,29,2020-02-06
Orluis Aular,Caja Rural - Seguros RGA,74,194,548,86,52,23,2020-02-06
Boris Vallée,Bingoal - Wallonie Bruxelles,288,126,1059,21,454,26,2020-02-06
Tony Martin,Team Jumbo-Visma,3688,9084,1064,962,390,34,2020-02-06
Martijn Budding,Riwal Readynez Cycling Team,93,0,355,22,242,24,2020-02-06
Fabio Aru,UAE-Team Emirates,3165,580,273,3978,866,29,2020-02-06
Dion Smith,Mitchelton-Scott,614,70,916,403,539,26,2020-02-06
Romain Hardy,Team Arkéa Samsic,661,15,1233,506,1008,31,2020-02-06
Maurits Lammertink,Circus - Wanty Gobert,688,91,741,338,638,29,2020-02-06
Savva Novikov,Lokosphinx,180,1,87,48,18,20,2020-02-06
Robinson Chalapud,Team Medellin,423,89,254,268,133,35,2020-02-06
Chad Haga,Team Sunweb,368,969,67,125,71,31,2020-02-06
Manuel Belletti,Androni Giocattoli - Sidermec,183,64,4540,276,2001,34,2020-02-06
Phil Bauhaus,Bahrain - McLaren,47,1,1666,64,547,25,2020-02-06
Sepp Kuss,Team Jumbo-Visma,427,24,67,578,76,25,2020-02-06
Marco Benfatto,Bardiani-CSF-Faizanè,119,11,2569,14,139,32,2020-02-06
Nick Schultz,Mitchelton-Scott,291,34,141,147,103,25,2020-02-06
Xianjing Lyu,Hengxiang Cycling Team,256,26,64,0,55,22,2020-02-06
Jay McCarthy,BORA - hansgrohe,757,79,702,528,664,27,2020-02-06
Szymon Sajnok,CCC Team,81,146,466,73,162,22,2020-02-06
Jan Tratnik,Bahrain - McLaren,526,852,954,183,328,29,2020-02-06
Brandon McNulty,UAE-Team Emirates,409,182,25,206,49,21,2020-02-06
Hernán Ricardo Aguirre,Colombia Tierra de Atletas - GW Bicicletas,404,7,30,311,5,24,2020-02-06
Alexander Kamp,Trek - Segafredo,443,39,824,108,239,26,2020-02-06
Jonas Koch,CCC Team,199,36,514,120,338,26,2020-02-06
Keegan Swirbul,Ljubljana Gusto Santic,246,81,41,181,0,24,2020-02-06
Jannik Steimle,Deceuninck - Quick Step,75,140,532,29,152,23,2020-02-06
Mikkel Bjerg,UAE-Team Emirates,79,583,86,4,15,21,2020-02-06
Alberto Dainese,Team Sunweb,15,0,541,4,223,21,2020-02-06
Robert Gesink,Team Jumbo-Visma,4919,1158,808,4803,2820,33,2020-02-06
Clément Russo,Team Arkéa Samsic,131,22,189,13,115,25,2020-02-06
Sergio Henao,UAE-Team Emirates,3276,522,716,2885,1604,32,2020-02-06
Benjamin Declercq,Team Arkéa Samsic,137,90,394,86,278,26,2020-02-06
Marco Canola,Gazprom - RusVelo,359,159,1822,464,1161,31,2020-02-06
Marcos García,Kinan Cycling Team,778,34,308,494,289,33,2020-02-06
Davide Gabburo,Androni Giocattoli - Sidermec,54,5,132,138,186,26,2020-02-06
Jimmy Janssens,Alpecin-Fenix,208,117,429,59,324,30,2020-02-06
Alex Dowsett,Israel Start-Up Nation,600,2915,204,10,92,31,2020-02-06
Kévin Le Cunff ,,37,0,368,64,428,31,2020-02-06
Ben Swift,Team INEOS,735,84,3358,532,1513,32,2020-02-06
Andrey Amador ,,1328,1130,563,938,618,33,2020-02-06
Pieter Weening ,,2754,312,630,1267,756,38,2020-02-06
Dries Devenyns,Deceuninck - Quick Step,1703,676,926,1032,1449,36,2020-02-06
Anthony Delaplace,Team Arkéa Samsic,692,441,907,198,819,30,2020-02-06
Neilson Powless,EF Pro Cycling,449,442,198,290,97,23,2020-02-06
Frederik Backaert,B&B Hotels - Vital Concept p/b KTM,398,10,480,104,498,29,2020-02-06
Rüdiger Selig,BORA - hansgrohe,215,30,1566,28,678,30,2020-02-06
Amanuel Ghebreigzabhier,NTT Pro Cycling,395,150,320,376,216,25,2020-02-06
Pierre Barbier,NIPPO DELKO One Provence,40,0,475,0,219,22,2020-02-06
Artem Ovechkin,Terengganu Inc. TSG Cycling Team,863,1429,160,258,26,33,2020-02-06
Kilian Frankiny,Groupama - FDJ,296,18,2,250,67,26,2020-02-06
Mark Padun,Bahrain - McLaren,208,35,163,298,58,23,2020-02-06
Jan Bárta,Elkov - Kasper,1435,2107,610,220,340,35,2020-02-06
Magnus Cort,EF Pro Cycling,652,68,2101,262,853,27,2020-02-06
Koen Bouwman,Team Jumbo-Visma,245,256,103,163,93,26,2020-02-06
Fabio Felline,Astana Pro Team,1162,1101,1375,1165,1638,29,2020-02-06
Marco Tizza,Amore & Vita - Prodir,103,5,392,208,451,28,2020-02-06
Dimitri Claeys,"Cofidis, Solutions Crédits",403,109,1112,114,980,32,2020-02-06
Julien Duval,AG2R La Mondiale,115,32,710,46,613,29,2020-02-06
Metkel Eyob,Terengganu Inc. TSG Cycling Team,248,21,366,218,121,26,2020-02-06
Aurélien Paret-Peintre,AG2R La Mondiale,136,4,124,102,106,23,2020-02-06
Stanisław Aniołkowski,CCC Development Team,75,42,287,0,0,23,2020-02-06
Jakub Mareczko,CCC Team,252,0,3561,0,200,25,2020-02-06
Serghei Țvetcov,Team Sapura Cycling,962,1168,472,379,73,31,2020-02-06
Hugo Houle,Astana Pro Team,425,482,218,136,402,29,2020-02-06
Imerio Cima,Gazprom - RusVelo,43,39,579,14,94,22,2020-02-06
Sam Oomen,Team Sunweb,1202,192,94,1000,312,24,2020-02-06
Roy Eefting,Team Sapura Cycling,70,50,475,0,5,30,2020-02-06
Pieter Serry,Deceuninck - Quick Step,688,193,662,752,988,31,2020-02-06
Dorian Godon,AG2R La Mondiale,128,139,196,113,130,23,2020-02-06
Lukas Pöstlberger,BORA - hansgrohe,163,270,437,84,456,28,2020-02-06
Oscar Riesebeek,Alpecin-Fenix,232,37,414,25,338,27,2020-02-06
Aksel Nõmmela,Bingoal - Wallonie Bruxelles,22,27,742,2,525,25,2020-02-06
Antonio Pedrero,Movistar Team,264,12,46,272,109,28,2020-02-06
Paweł Franczak,Voster ATS Team,212,50,1134,5,267,28,2020-02-06
Quentin Jauregui,AG2R La Mondiale,148,0,386,128,504,25,2020-02-06
Evgeny Shalunov,Gazprom - RusVelo,369,129,417,152,397,28,2020-02-06
Lennard Kämna,BORA - hansgrohe,180,316,69,244,108,23,2020-02-06
Joni Brandão,Efapel,562,273,132,365,69,30,2020-02-06
Fernando Barceló,"Cofidis, Solutions Crédits",55,2,56,150,129,24,2020-02-06
Marcel Kittel ,,793,799,6894,2,1927,31,2020-02-06
Nariyuki Masuda,Utsunomiya Blitzen,208,248,210,124,150,36,2020-02-06
Omar Fraile,Astana Pro Team,391,77,210,904,259,29,2020-02-06
Travis McCabe,Israel Start-Up Nation,111,86,1648,181,147,30,2020-02-06
Mikel Bizkarra,Fundación - Orbea,464,12,41,452,126,30,2020-02-06
Enrico Gasparotto,NTT Pro Cycling,1411,428,2477,1590,3304,37,2020-02-06
Francesco Gavazzi,Androni Giocattoli - Sidermec,1261,43,2882,1722,2908,35,2020-02-06
Karel Hník,Elkov - Kasper,317,18,300,124,100,28,2020-02-06
Jasha Sütterlin,Team Sunweb,447,798,218,37,280,27,2020-02-06
Jonas van Genechten,B&B Hotels - Vital Concept p/b KTM,129,39,2868,24,1592,33,2020-02-06
Anthony Perez,"Cofidis, Solutions Crédits",298,145,202,183,76,28,2020-02-06
Vadim Pronskiy,Astana Pro Team,201,44,54,111,1,21,2020-02-06
Raymond Kreder,Team UKYO,171,84,2638,90,774,30,2020-02-06
Grega Bole,Bahrain - McLaren,1139,165,2873,766,1865,34,2020-02-06
Ryan Cavanagh,St George Continental Cycling Team,156,32,134,27,2,24,2020-02-06
Dylan Kennett,St George Continental Cycling Team,124,126,235,0,0,25,2020-02-06
Marko Kump,Adria Mobil,121,105,3222,23,798,31,2020-02-06
François Bidard,AG2R La Mondiale,244,6,39,250,82,27,2020-02-06
Jelle Wallays,Lotto Soudal,539,150,1003,104,947,30,2020-02-06
Fabian Lienhard,Groupama - FDJ,61,27,707,50,399,26,2020-02-06
Vicente García de Mateos,Aviludo-Louletano,311,171,650,373,167,31,2020-02-06
Cesare Benedetti,BORA - hansgrohe,343,1,262,230,287,32,2020-02-06
Eduardo Sepúlveda,Movistar Team,834,385,150,472,312,28,2020-02-06
Branislau Samoilau,Minsk Cycling Club,818,757,505,584,277,34,2020-02-06
Alessandro De Marchi,CCC Team,410,320,223,1270,660,33,2020-02-06
Jesse Ewart,Team Sapura Cycling,211,0,168,69,0,25,2020-02-06
Nick van der Lijke,Riwal Readynez Cycling Team,527,35,1036,171,360,28,2020-02-06
Jonathan Castroviejo,Team INEOS,1431,3499,104,500,239,32,2020-02-06
Matteo Moschetti,Trek - Segafredo,11,26,674,0,245,23,2020-02-06
Markus Hoelgaard,Uno-X Norwegian Development Team,323,12,350,88,77,25,2020-02-06
Enrique Sanz,Equipo Kern Pharma,94,18,1264,72,421,30,2020-02-06
Damien Touzé,"Cofidis, Solutions Crédits",61,7,588,20,435,23,2020-02-06
Bram Welten,Team Arkéa Samsic,65,0,698,6,374,22,2020-02-06
Patrick Müller ,,44,0,185,22,179,23,2020-02-06
Bas van der Kooij,BEAT Cycling Club ,14,0,628,0,140,24,2020-02-06
Evaldas Šiškevičius,NIPPO DELKO One Provence,335,333,1245,96,491,31,2020-02-06
Pierre Rolland,B&B Hotels - Vital Concept p/b KTM,3081,209,680,3031,476,33,2020-02-06
Radoslav Rogina,Adria Mobil,1919,199,1918,592,692,40,2020-02-06
Mikel Iturria,Fundación - Orbea,147,2,46,174,49,27,2020-02-06
Lasse Norman Hansen,Alpecin-Fenix,344,576,434,23,262,27,2020-02-06
Luke Durbridge,Mitchelton-Scott,1016,1906,310,129,654,28,2020-02-06
Ben O'Connor,NTT Pro Cycling,495,49,26,426,40,24,2020-02-06
Yauhen Sobal,Minsk Cycling Club,272,165,469,100,250,38,2020-02-06
Heinrich Haussler,Bahrain - McLaren,767,276,4232,298,2751,35,2020-02-06
Niklas Eg,Trek - Segafredo,289,44,31,193,31,25,2020-02-06
Rory Townsend,Canyon dhb p/b Soreen,3,0,282,0,141,24,2020-02-06
Alex Molenaar,Burgos-BH,117,28,45,54,28,20,2020-02-06
Romain Combaud,NIPPO DELKO One Provence,246,0,316,128,356,28,2020-02-06
Pierre-Luc Périchon,"Cofidis, Solutions Crédits",462,191,499,195,475,33,2020-02-06
Wouter Wippert,EvoPro Racing,87,33,2744,2,703,29,2020-02-06
Jelle Vanendert,Bingoal - Wallonie Bruxelles,748,18,680,1747,2098,34,2020-02-06
Yevgeniy Gidich,Astana Pro Team,461,20,1046,215,122,23,2020-02-06
José Herrada,"Cofidis, Solutions Crédits",980,315,316,802,533,34,2020-02-06
Guillaume Boivin,Israel Start-Up Nation,367,146,1564,138,806,30,2020-02-06
Zak Dempster ,,183,99,985,23,560,32,2020-02-06
Emiel Vermeulen,Natura4Ever - Roubaix Lille Métropole,4,0,624,0,418,26,2020-02-06
Mauro Finetto,NIPPO DELKO One Provence,1091,229,1786,854,2056,34,2020-02-06
Carlos Verona,Movistar Team,600,17,60,464,361,27,2020-02-06
Nicola Bagioli,Androni Giocattoli - Sidermec,39,0,146,96,234,24,2020-02-06
Filippo Zaccanti,Bardiani-CSF-Faizanè,154,7,48,54,4,24,2020-02-06
Damiano Cima,Gazprom - RusVelo,127,2,389,13,68,26,2020-02-06
Martin Laas,BORA - hansgrohe,134,39,1037,14,81,26,2020-02-06
Quinten Hermans,Circus - Wanty Gobert,240,86,271,40,54,24,2020-02-06
Matteo Fabbro,BORA - hansgrohe,231,74,98,128,60,24,2020-02-06
Ahmet Örken,Team Sapura Cycling,228,310,1822,182,112,26,2020-02-06
Joris Nieuwenhuis,Team Sunweb,74,8,82,91,59,23,2020-02-06
Peter Stetina ,,1007,65,101,686,293,32,2020-02-06
Giovanni Lonardi,Bardiani-CSF-Faizanè,21,2,416,7,83,23,2020-02-06
Dimitri Peyskens,Bingoal - Wallonie Bruxelles,131,7,298,62,273,28,2020-02-06
Andrey Zeits,Mitchelton-Scott,1186,109,150,458,229,33,2020-02-06
Ángel Madrazo,Burgos-BH,463,91,328,604,833,31,2020-02-06
Jenthe Biermans,Israel Start-Up Nation,154,50,164,38,114,24,2020-02-06
Simon Geschke,CCC Team,975,517,903,914,1232,33,2020-02-06
Milan Menten,Sport Vlaanderen - Baloise,68,17,466,58,252,23,2020-02-06
Jhonatan Restrepo,Androni Giocattoli - Sidermec,291,31,286,186,232,25,2020-02-06
Paolo Totò,Work Service Dynatek Vega,104,103,660,122,388,29,2020-02-06
Andreas Kron,Riwal Readynez Cycling Team,89,6,50,37,4,21,2020-02-06
Patrick Schelling,Israel Start-Up Nation,544,192,295,273,186,29,2020-02-06
Jan Bakelants,Circus - Wanty Gobert,2477,307,1400,1828,1818,33,2020-02-06
Pim Ligthart,Team Total Direct Energie,671,56,1475,198,1108,31,2020-02-06
Thibault Ferasse,Natura4Ever - Roubaix Lille Métropole,100,46,140,38,204,25,2020-02-06
Mikel Aristi,Fundación - Orbea,46,63,342,87,90,26,2020-02-06
Matteo Badilatti,Israel Start-Up Nation,224,4,32,204,3,27,2020-02-06
Kyle Murphy,Rally Cycling,153,184,33,208,7,28,2020-02-06
Geoffrey Bouchard,AG2R La Mondiale,76,1,23,104,13,27,2020-02-06
Choon Huat Goh,Terengganu Inc. TSG Cycling Team,106,104,162,40,76,29,2020-02-06
Roland Thalmann,Team Vorarlberg Santic,178,24,88,204,107,26,2020-02-06
Gustavo César,W52 / FC Porto ,1176,1332,811,470,118,40,2020-02-06
Ben Perry, Israel Cycling Academy,145,5,279,25,128,25,2020-02-06
Samuele Battistella,NTT Pro Cycling,48,2,78,16,22,21,2020-02-06
Marcus Culey,Team Sapura Cycling,130,47,202,47,7,26,2020-02-06
Francisco Mancebo,Matrix Powertag,5710,1716,3022,3254,1655,43,2020-02-06
Artur Fedosseyev,Ningxia Sports Lottery Continental Team,121,14,38,54,10,26,2020-02-06
Robert Power,Team Sunweb,172,60,78,214,468,24,2020-02-06
Mads Würtz Schmidt,Israel Start-Up Nation,352,531,460,34,207,25,2020-02-06
Larry Warbasse,AG2R La Mondiale,470,294,76,326,162,29,2020-02-06
Michael Van Staeyen,Tarteletto - Isorex,85,18,3778,8,1770,31,2020-02-06
Michael Hepburn,Mitchelton-Scott,224,1158,101,20,131,28,2020-02-06
Amaro Antunes,W52 / FC Porto ,458,87,156,493,86,29,2020-02-06
Pierpaolo Ficara,Team Sapura Cycling,174,7,122,188,175,28,2020-02-06
Benjamín Prades,Team UKYO,595,51,540,389,255,36,2020-02-06
Jonathan Clarke,Team Skyline,478,64,304,218,25,35,2020-02-06
Rob Britton,Rally Cycling,769,579,301,489,61,35,2020-02-06
Martijn Tusveld,Team Sunweb,306,188,126,108,28,26,2020-02-06
Jetse Bol,Burgos-BH,369,139,745,196,271,30,2020-02-06
Christopher Juul-Jensen,Mitchelton-Scott,834,357,196,230,599,30,2020-02-06
Stijn Vandenbergh,AG2R La Mondiale,539,25,730,32,1250,35,2020-02-06
Lorenzo Rota,Vini Zabù - KTM,169,12,180,170,148,24,2020-02-06
Kevin Geniets,Groupama - FDJ,36,94,24,29,94,23,2020-02-06
Jempy Drucker,BORA - hansgrohe,545,609,3322,64,2166,33,2020-02-06
Daniel Oss,BORA - hansgrohe,585,417,1463,324,1163,33,2020-02-06
Erik Baška,BORA - hansgrohe,44,41,730,23,323,26,2020-02-06
Hayden Mccormick,Black Spoke Pro Cycling Academy,136,146,194,70,59,26,2020-02-06
Fabien Doubey,Circus - Wanty Gobert,138,3,52,70,79,26,2020-02-06
Enrico Battaglin,Bahrain - McLaren,339,29,1380,802,872,30,2020-02-06
Jan-Willem van Schip,BEAT Cycling Club ,5,6,668,10,468,25,2020-02-06
Jhonatan Narváez,Team INEOS,249,23,226,95,173,22,2020-02-06
Gianni Vermeersch,Alpecin-Fenix,15,2,461,22,342,27,2020-02-06
Norman Vahtra,Israel Start-Up Nation,63,73,417,5,81,23,2020-02-06
Giovanni Carboni,Bardiani-CSF-Faizanè,156,8,67,226,54,24,2020-02-06
Sven Erik Bystrøm,UAE-Team Emirates,383,63,490,128,317,28,2020-02-06
Simon Pellaud,Androni Giocattoli - Sidermec,217,34,223,82,65,27,2020-02-06
Szymon Rekita,Leopard Pro Cycling ,188,32,79,64,4,26,2020-02-06
Attilio Viviani,"Cofidis, Solutions Crédits",8,0,249,0,87,23,2020-02-06
Alois Kaňkovský,Elkov - Kasper,304,63,2413,0,341,36,2020-02-06
Michael Albasini,Mitchelton-Scott,2012,401,2576,1797,2938,39,2020-02-06
Jordi Warlop,Sport Vlaanderen - Baloise,2,0,289,15,190,23,2020-02-06
Yecid Sierra,Tianyoude Hotel Cycling Team,197,22,1,130,7,25,2020-02-06
Grzegorz Stępniak,Wibatech Merx 7R,352,87,1060,0,119,30,2020-02-06
Elchin Asadov,Bahrain Cycling Academy,99,216,477,11,130,32,2020-02-06
Michael Storer,Team Sunweb,239,71,216,71,159,22,2020-02-06
Clément Champoussin ,,31,8,108,40,43,21,2020-02-06
Cyril Barthe,B&B Hotels - Vital Concept p/b KTM,67,5,272,68,53,23,2020-02-06
Riccardo Stacchiotti ,,187,318,776,34,33,28,2020-02-06
Manuele Boaro,Astana Pro Team,796,1224,361,211,224,32,2020-02-06
Nicola Conci,Trek - Segafredo,161,8,132,166,74,23,2020-02-06
Mohammad Ganjkhanlou ,,24,46,296,18,9,22,2020-02-06
Stefan Bissegger,Team Monti,150,13,123,0,10,21,2020-02-06
Tim Declercq,Deceuninck - Quick Step,276,24,317,47,361,30,2020-02-06
Paul Martens,Team Jumbo-Visma,1092,416,1870,512,1657,36,2020-02-06
Georgios Bouglas,SSIOS Miogee Cycling Team,10,67,893,43,72,29,2020-02-06
Huub Duijn ,,595,185,1251,156,881,35,2020-02-06
Edward Planckaert,Sport Vlaanderen - Baloise,27,18,556,1,395,25,2020-02-06
Sirak Tesfom ,,60,145,148,68,86,25,2020-02-06
Patryk Stosz,Voster ATS Team,62,80,466,5,51,25,2020-02-06
Etienne van Empel,Vini Zabù - KTM,117,0,113,43,70,25,2020-02-06
Otto Vergaerde,Alpecin-Fenix,33,12,90,32,88,25,2020-02-06
Stefan de Bod,NTT Pro Cycling,71,263,96,32,60,23,2020-02-06
Pascal Eenkhoorn,Team Jumbo-Visma,102,127,137,12,73,22,2020-02-06
Connor Swift,Team Arkéa Samsic,112,17,154,44,91,24,2020-02-06
Joaquim Silva,Miranda - Mortágua,197,53,15,122,0,27,2020-02-06
Riccardo Zoidl,Team Felbermayr - Simplon Wels ,1079,584,483,620,207,31,2020-02-06
Jesper Asselman,Metec - TKH Continental Cyclingteam p/b Mantel,68,19,760,13,509,29,2020-02-06
Luca Pacioni,Androni Giocattoli - Sidermec,49,98,1038,42,83,26,2020-02-06
Yuriy Natarov,Astana Pro Team,124,81,36,45,15,23,2020-02-06
João Almeida,Deceuninck - Quick Step,112,108,74,86,11,21,2020-02-06
Thomas Pidcock ,,41,10,63,34,26,20,2020-02-06
Cyril Gautier,B&B Hotels - Vital Concept p/b KTM,936,95,1052,904,1330,32,2020-02-06
Sander Armée,Lotto Soudal,857,24,385,375,255,34,2020-02-06
Simone Petilli,Circus - Wanty Gobert,237,39,145,232,288,26,2020-02-06
Mekseb Debesay,Bike Aid,301,239,957,246,221,28,2020-02-06
Robin Carpenter,Rally Cycling,249,184,690,108,314,27,2020-02-06
Azzedine Lagab,Groupement Sportif des Pétroliers,353,581,1058,174,360,33,2020-02-06
Nathan Van Hooydonck,CCC Team,182,207,116,16,66,24,2020-02-06
Franck Bonnamour,Team Arkéa Samsic,100,3,98,68,221,24,2020-02-06
Gonzalo Serrano,Caja Rural - Seguros RGA,88,2,114,30,24,25,2020-02-06
Andrea Guardini,Giotti Victoria,147,1,5023,52,231,30,2020-02-06
Angus Lyons,Oliver's Real Food,100,57,94,30,24,24,2020-02-06
Aaron Grosser,Bike Aid,70,0,263,0,44,23,2020-02-06
Márton Dina,Kometa Xstra Cycling Team,97,55,50,31,37,23,2020-02-06
Mykhaylo Kononenko,Shenzhen Xidesheng Cycling Team,620,232,2123,289,294,32,2020-02-06
Kenneth Van Rooy,Sport Vlaanderen - Baloise,65,0,284,36,172,26,2020-02-06
Kévin Ledanois,Team Arkéa Samsic,150,44,284,61,208,26,2020-02-06
Eros Capecchi,Bahrain - McLaren,1472,65,628,1150,353,33,2020-02-06
Michael Schär,CCC Team,846,91,437,188,625,33,2020-02-06
Łukasz Wiśniowski,CCC Team,219,259,408,21,482,28,2020-02-06
Anthony Maldonado,St Michel - Auber93,75,3,628,23,259,28,2020-02-06
Chun Kai Feng,Bahrain - McLaren,87,205,362,31,139,31,2020-02-06
Sam Crome,Team UKYO,223,53,184,86,43,26,2020-02-06
Julien Trarieux,NIPPO DELKO One Provence,13,26,60,21,101,27,2020-02-06
Batuhan Özgür,Spor Toto Cycling Team,95,0,608,10,39,22,2020-02-06
Jonathan Klever Caicedo,EF Pro Cycling,192,102,168,58,134,26,2020-02-06
José Carlos Prates Neves Fernandes,Burgos-BH,151,136,11,54,0,24,2020-02-06
Natnael Berhane,"Cofidis, Solutions Crédits",797,201,393,440,475,29,2020-02-06
Joey Rosskopf,CCC Team,575,958,249,273,212,30,2020-02-06
Toon Aerts,Telenet-Baloise Lions ,142,80,107,31,15,26,2020-02-06
Daniel McLay,Team Arkéa Samsic,125,83,1954,0,685,28,2020-02-06
Ben King,NTT Pro Cycling,375,350,197,517,179,30,2020-02-06
Ivar Slik,À BLOC CT,52,151,391,3,114,26,2020-02-06
Maciej Bodnar,BORA - hansgrohe,750,2593,195,25,257,34,2020-02-06
Drew Morey,Terengganu Inc. TSG Cycling Team,113,4,90,108,73,23,2020-02-06
Jonas Rutsch,EF Pro Cycling,84,5,44,35,21,22,2020-02-06
Igor Chzhan,Vino - Astana Motors,81,35,31,12,77,20,2020-02-06
Alex Edmondson,Mitchelton-Scott,85,291,277,74,88,26,2020-02-06
Sergei Chernetski,Gazprom - RusVelo,1229,387,670,646,717,29,2020-02-06
Josef Černý,CCC Team,330,474,403,104,122,26,2020-02-06
Andreas Leknessund,Uno-X Norwegian Development Team,29,72,56,0,10,20,2020-02-06
Juan José Lobato,Fundación - Orbea,596,50,2914,270,1251,31,2020-02-06
Brent Bookwalter,Mitchelton-Scott,1533,1139,724,858,368,35,2020-02-06
Cristopher Robin Jurado,Terengganu Inc. TSG Cycling Team,6,113,132,9,92,24,2020-02-06
Petr Vakoč,Alpecin-Fenix,492,183,500,344,1009,27,2020-02-06
Serge Pauwels,CCC Team,1286,38,470,1406,469,36,2020-02-06
Dušan Rajović,NIPPO DELKO One Provence,233,192,707,32,120,22,2020-02-06
José Gonçalves,NIPPO DELKO One Provence,841,694,700,464,272,30,2020-02-06
Thomas Sprengers,Sport Vlaanderen - Baloise,397,48,497,196,500,30,2020-02-06
Taco van der Hoorn,Team Jumbo-Visma,115,2,788,16,679,26,2020-02-06
Manuel Rodas ,,129,790,270,130,121,35,2020-02-06
James Shaw,Riwal Readynez Cycling Team,123,27,48,48,19,23,2020-02-06
Santiago Montenegro ,,10,14,51,8,4,21,2020-02-06
Nico Denz,Team Sunweb,112,37,205,51,286,25,2020-02-06
Polychronis Tzortzakis ,,56,233,320,17,125,31,2020-02-06
Michael Vink,St George Continental Cycling Team,144,237,74,40,30,28,2020-02-06
Floris De Tier,Alpecin-Fenix,304,0,142,282,253,28,2020-02-06
Clint Hendricks,Bike Aid,49,16,355,55,47,28,2020-02-06
Tom Bohli,UAE-Team Emirates,147,841,182,3,82,26,2020-02-06
Martin Toft Madsen,BHS - PL Beton Bornholm,0,821,49,3,15,34,2020-02-06
Stan Dewulf,Lotto Soudal,112,55,272,41,85,22,2020-02-06
Kamil Gradek,CCC Team,444,461,440,4,159,29,2020-02-06
Eliot Lietaer,Bingoal - Wallonie Bruxelles,554,67,336,200,241,29,2020-02-06
Nathan Haas,"Cofidis, Solutions Crédits",1005,253,999,760,1136,30,2020-02-06
Robert Stannard,Mitchelton-Scott,35,66,308,48,157,21,2020-02-06
Erik Bergstrom Frisk,Bike Aid,122,69,16,44,7,20,2020-02-06
Tsgabu Grmay,Mitchelton-Scott,701,387,109,312,129,28,2020-02-06
Christoph Pfingsten,Team Jumbo-Visma,278,223,297,94,267,32,2020-02-06
Umberto Marengo,Vini Zabù - KTM,27,12,224,55,66,27,2020-02-06
Steff Cras,Lotto Soudal,224,21,58,95,28,23,2020-02-06
Kamil Małecki,CCC Team,149,142,332,3,74,24,2020-02-06
Mauricio Moreira ,,84,56,32,0,17,24,2020-02-06
Charalampos Kastrantas ,,95,80,552,13,63,28,2020-02-06
Marcus Burghardt,BORA - hansgrohe,700,180,1096,128,1513,36,2020-02-06
Matteo Montaguti ,,544,181,510,808,762,36,2020-02-06
Simone Ravanelli,Androni Giocattoli - Sidermec,36,6,191,64,127,24,2020-02-06
Lucas Eriksson,Riwal Readynez Cycling Team,69,5,99,46,93,23,2020-02-06
Matthew Gibson,Burgos-BH,34,56,357,0,7,23,2020-02-06
Mathias Norsgaard,Movistar Team,6,270,38,0,1,22,2020-02-06
Brenton Jones,Canyon dhb p/b Soreen,51,222,1676,13,117,28,2020-02-06
Kenny Elissonde,Trek - Segafredo,796,27,46,828,183,28,2020-02-06
Garikoitz Bravo,Fundación - Orbea,475,35,254,198,255,30,2020-02-06
Sebastián Henao,Team INEOS,602,151,76,343,125,26,2020-02-06
Giovanni Aleotti,Cycling Team Friuli ASD,4,2,37,7,8,20,2020-02-06
Nicolas Zukowsky,Rally Cycling,81,45,80,27,40,21,2020-02-06
Corbin Strong,SEG Racing Academy,77,4,78,0,0,19,2020-02-06
Silvan Dillier,AG2R La Mondiale,728,468,820,332,974,29,2020-02-06
Aaron Gate,Black Spoke Pro Cycling Academy,146,58,430,56,92,29,2020-02-06
Michael Gogl,NTT Pro Cycling,334,60,182,192,277,26,2020-02-06
Jérôme Cousin,Team Total Direct Energie,417,73,227,119,89,30,2020-02-06
Michał Gołaś,Team INEOS,586,68,894,120,808,35,2020-02-06
Davide Martinelli,Astana Pro Team,88,131,322,11,160,26,2020-02-06
Anders Skaarseth,Uno-X Norwegian Development Team,98,28,269,28,46,24,2020-02-06
Ethan Hayter,Team INEOS,49,60,205,15,42,21,2020-02-06
Kaden Groves,Mitchelton-Scott,64,171,479,0,68,21,2020-02-06
Yakob Debesay,Equipe continentale Groupama-FDJ,56,8,22,60,0,20,2020-02-06
Ilya Davidenok,Ningxia Sports Lottery Continental Team,419,78,148,114,15,27,2020-02-06
Kenneth Vanbilsen,"Cofidis, Solutions Crédits",160,3,984,42,693,29,2020-02-06
Kent Main,ProTouch,72,79,16,53,21,24,2020-02-06
Casper Pedersen,Team Sunweb,201,109,282,24,92,23,2020-02-06
Markus Freiberger,Team Hrinkow Advarics Cycleang,112,40,49,18,7,24,2020-02-06
Alessandro Bisolti,Androni Giocattoli - Sidermec,399,57,340,282,180,34,2020-02-06
Róbigzon Leandro Oyola,Team Medellin,152,132,354,32,10,31,2020-02-06
Federico Zurlo,Giotti Victoria,109,55,367,74,107,25,2020-02-06
Matteo Malucelli,Caja Rural - Seguros RGA,3,36,1356,20,36,26,2020-02-06
Andreas Stokbro,NTT Pro Cycling,82,6,298,19,99,22,2020-02-06
Matthew Walls ,,18,1,233,0,45,21,2020-02-06
Tom Scully,EF Pro Cycling,115,531,205,4,115,30,2020-02-06
Bert de Backer,B&B Hotels - Vital Concept p/b KTM,189,0,640,17,642,35,2020-02-06
Dayer Quintana,Team Arkéa Samsic,381,0,49,302,89,27,2020-02-06
Mathijs Paasschens,Bingoal - Wallonie Bruxelles,25,0,144,7,87,23,2020-02-06
Antonio Carvalho,Efapel,215,214,158,134,22,30,2020-02-06
Benjamin Hill,Team BridgeLane,96,90,411,87,62,30,2020-02-06
Romain Cardis,Team Total Direct Energie,46,20,552,50,246,27,2020-02-06
Michael Schwarzmann,BORA - hansgrohe,126,1,554,44,168,29,2020-02-06
Reto Hollenstein,Israel Start-Up Nation,645,579,281,128,288,34,2020-02-06
Imanol Erviti,Movistar Team,804,524,304,283,656,36,2020-02-06
Sergey Shilov,Aviludo-Louletano,126,385,650,160,442,32,2020-02-06
Oleksandr Polivoda,SSIOS Miogee Cycling Team,762,140,1042,176,206,32,2020-02-06
Julien Bernard,Trek - Segafredo,409,23,8,239,43,27,2020-02-06
Daniil Fominykh,Astana Pro Team,175,345,44,72,71,28,2020-02-06
Vitaliy Buts,Shenzhen Xidesheng Cycling Team,838,30,2423,149,362,33,2020-02-06
Laurens De Vreese,Astana Pro Team,333,5,572,74,709,31,2020-02-06
Lars Ytting Bak ,,2331,800,1470,462,1148,40,2020-02-06
Walter Vargas,Team Medellin,56,464,5,3,44,27,2020-02-06
Rick Zabel,Israel Start-Up Nation,220,51,1108,32,517,26,2020-02-06
Maxime Monfort ,,4656,2453,740,1879,661,37,2020-02-06
Daniel Turek, Israel Cycling Academy,165,62,173,70,93,27,2020-02-06
Michael Kukrle,Elkov - Kasper,130,186,122,20,22,25,2020-02-06
Juan Sebastián Molano,UAE-Team Emirates,160,0,1016,10,187,25,2020-02-06
Brent Van Moer,Lotto Soudal,57,131,94,0,33,22,2020-02-06
Viacheslav Kuznetsov,Gazprom - RusVelo,647,67,924,147,601,30,2020-02-06
Rafael Valls,Bahrain - McLaren,1128,78,284,666,293,32,2020-02-06
Sebastian Schönberger,B&B Hotels - Vital Concept p/b KTM,105,11,71,58,35,25,2020-02-06
Sindre Lunke,Riwal Readynez Cycling Team,186,1,58,60,50,26,2020-02-06
Christoffer Lisson,Riwal Readynez Cycling Team,52,81,179,0,30,24,2020-02-06
Biniyam Ghirmay,NIPPO DELKO One Provence,0,10,177,0,4,19,2020-02-06
Dries Van Gestel,Team Total Direct Energie,122,2,280,42,308,25,2020-02-06
Ildar Arslanov ,,276,52,50,160,68,25,2020-02-06
Jesper Hansen,"Cofidis, Solutions Crédits",1087,7,166,376,57,29,2020-02-06
Gijs Van Hoecke,CCC Team,328,155,324,4,282,28,2020-02-06
Matthew Holmes,Lotto Soudal,119,0,64,52,11,26,2020-02-06
Lukas Ruegg,Swiss Racing Academy,13,21,120,34,87,23,2020-02-06
Matteo Sobrero,NTT Pro Cycling,14,49,129,38,101,22,2020-02-06
Paweł Poljański,BORA - hansgrohe,394,40,72,377,83,29,2020-02-06
Mickaël Cherel,AG2R La Mondiale,1099,1,594,644,566,33,2020-02-06
Ignacio de Jesús Prado,Canel's Pro Cycling,11,266,132,0,90,26,2020-02-06
Benjamin Thomas,Groupama - FDJ,280,362,279,68,113,24,2020-02-06
Yoann Paillot,St Michel - Auber93,221,631,134,36,61,28,2020-02-06
Jürgen Roelandts,Movistar Team,1255,518,3824,484,3207,34,2020-02-06
August Jensen,Riwal Readynez Cycling Team,403,48,1014,59,254,28,2020-02-06
Miles Scotson,Groupama - FDJ,103,422,21,14,58,26,2020-02-06
Thomas Stewart,Canyon dhb p/b Soreen,101,17,461,4,225,30,2020-02-06
Mikkel Frølich Honoré,Deceuninck - Quick Step,56,11,90,20,84,23,2020-02-06
František Sisr,Elkov - Kasper,73,94,793,0,288,26,2020-02-06
Mohd Harrif Saleh,Terengganu Inc. TSG Cycling Team,45,16,2144,16,32,31,2020-02-06
Lars Boom ,,2133,2738,2058,180,1466,34,2020-02-06
Rodrigo Contreras,Astana Pro Team,77,197,46,109,5,25,2020-02-06
Guy Niv,Israel Start-Up Nation,64,30,3,10,16,25,2020-02-06
Roman Maikin,Cambodia Cycling Academy ,213,64,1280,62,553,29,2020-02-06
Shane Archbold,Deceuninck - Quick Step,48,27,643,53,256,31,2020-02-06
Robbert de Greef ,,15,0,137,0,122,Date of birth: 27th August 1991Passed away on: 26th April 2019Nationality: NetherlandsWeight: 65 kg   Height: 1.79 mPlace of birth: GeldropPoints per specialty122One day races15GC0Time trial137Sprint0ClimberTwitterProCyclingGameRankings |  PCS 672  UCI 555  Visits: ▼71 this wee,2020-02-06
Mirco Maestri,Bardiani-CSF-Faizanè,163,78,252,14,52,28,2020-02-06
David Miguel Costa Rodrigues,Radio Popular Boavista,142,4,51,108,9,28,2020-02-06
Tobias Foss,Team Jumbo-Visma,41,105,56,1,4,22,2020-02-06
Cristhian Montoya,Team Medellin,79,26,55,106,0,30,2020-02-06
Stanislau Bazhkou,Minsk Cycling Club,379,124,798,206,80,28,2020-02-06
Tomasz Marczyński,Lotto Soudal,1055,105,486,566,421,35,2020-02-06
Steve Cummings ,,1555,1441,534,854,617,38,2020-02-06
Sacha Modolo,Alpecin-Fenix,503,16,5899,190,1691,32,2020-02-06
Aleksey Rybalkin,Gazprom - RusVelo,239,12,6,127,17,26,2020-02-06
Adrien Guillonnet,St Michel - Auber93,63,1,17,101,10,26,2020-02-06
Aiman Cahyadi,Pgn Road Cycling Team,93,49,232,63,28,26,2020-02-06
Michal Schlegel,Elkov - Kasper,223,23,91,101,12,24,2020-02-06
Danilo Celano,Team Sapura Cycling,118,0,47,188,101,30,2020-02-06
Louis Meintjes,NTT Pro Cycling,1732,330,111,1922,389,27,2020-02-06
Nur Amirul Fakhruddin Mazuki,Terengganu Inc. TSG Cycling Team,73,22,464,38,72,28,2020-02-06
Luuc Bugter,BEAT Cycling Club ,82,48,498,12,131,26,2020-02-06
Salvador Guardiola,Kinan Cycling Team,197,8,276,109,64,31,2020-02-06
Stéphane Rossetto,"Cofidis, Solutions Crédits",639,529,232,386,154,32,2020-02-06
Andreas Schillinger,BORA - hansgrohe,258,21,782,59,492,36,2020-02-06
Nikolas Maes,Lotto Soudal,494,112,1500,90,974,33,2020-02-06
Chris Froome,Team INEOS,8049,4198,544,6650,223,34,2020-02-06
Mattia Bais,Androni Giocattoli - Sidermec,74,16,141,52,15,23,2020-02-06
Yacine Hamza,Groupement Sportif des Pétroliers,15,20,352,22,60,22,2020-02-06
Bryan Gómez,Equipo Continental Supergiros,3,21,226,0,44,25,2020-02-06
Sergio Samitier,Movistar Team,67,0,2,20,10,24,2020-02-06
Juan Pedro López,Trek - Segafredo,72,17,8,52,15,22,2020-02-06
Daniel Auer,WSA KTM Graz,10,38,469,4,101,25,2020-02-06
Marco Marcato,UAE-Team Emirates,1671,155,3474,700,3266,35,2020-02-06
Salvatore Puccio,Team INEOS,400,81,181,270,300,30,2020-02-06
Alo Jakin ,,180,100,588,20,415,33,2020-02-06
Alex Kirsch,Trek - Segafredo,234,429,505,100,276,27,2020-02-06
Adam de Vos,Rally Cycling,42,53,236,64,155,26,2020-02-06
Andrea Bagioli,Deceuninck - Quick Step,25,2,64,23,29,20,2020-02-06
Lluís Mas,Movistar Team,349,150,312,184,99,30,2020-02-06
Coen Vermeltfoort,VolkerWessels-Merckx,67,208,2143,5,1143,31,2020-02-06
Koen de Kort,Trek - Segafredo,913,301,913,224,729,37,2020-02-06
Piotr Brożyna,Voster ATS Team,170,189,46,40,0,24,2020-02-06
Alfdan De Decker,Circus - Wanty Gobert,4,0,374,0,165,23,2020-02-06
Adam Stachowiak,Voster ATS Team,248,199,335,46,40,30,2020-02-06
Julien Antomarchi,Natura4Ever - Roubaix Lille Métropole,550,292,852,175,468,35,2020-02-06
Tom Leezer,Team Jumbo-Visma,578,100,848,38,672,34,2020-02-06
Darwin Atapuma,Colombia Tierra de Atletas - GW Bicicletas,1369,27,130,1523,175,32,2020-02-06
Anthony Roux,Groupama - FDJ,1163,1078,1734,530,1327,32,2020-02-06
Alessandro Fedeli,NIPPO DELKO One Provence,13,25,268,86,27,23,2020-02-06
Patrick Gamper,BORA - hansgrohe,110,68,94,8,17,22,2020-02-06
Jambaljamts Sainbayar ,,40,38,36,12,14,23,2020-02-06
Jefferson Alveiro Cepeda,Caja Rural - Seguros RGA,7,74,149,14,90,23,2020-02-06
Henok Mulubrhan,NTT Continental Cycling Team,57,21,193,25,76,20,2020-02-06
Matvey Nikitin,Vino - Astana Motors,132,39,566,68,67,27,2020-02-06
Nathan Earle,Team UKYO,467,84,274,288,121,31,2020-02-06
Scott Thwaites,Alpecin-Fenix,163,1,716,155,703,29,2020-02-06
José Vicente Toribio,Matrix Powertag,440,53,311,200,93,34,2020-02-06
Artem Nych,Gazprom - RusVelo,205,113,68,124,84,24,2020-02-06
Joseph Areruya ,,205,269,352,158,99,24,2020-02-06
Christian Knees,Team INEOS,1521,574,968,384,1032,38,2020-02-06
Hermann Keller ,,32,20,309,0,22,26,2020-02-06
Emil Vinjebo,Riwal Readynez Cycling Team,121,49,239,20,130,25,2020-02-06
Blake Quick,St George Continental Cycling Team,0,41,275,0,0,19,2020-02-06
Paweł Bernas,Mazowsze Serce Polski,320,71,661,60,186,29,2020-02-06
Jack Bauer,Mitchelton-Scott,594,667,416,157,556,34,2020-02-06
Colin Stüssi,Team Vorarlberg Santic,214,10,204,152,92,26,2020-02-06
Rohan Du Plooy,ProTouch,28,128,146,6,4,25,2020-02-06
Georg Zimmermann,CCC Team,17,0,118,20,24,22,2020-02-06
Alexander Konychev,Mitchelton-Scott,70,15,69,0,56,21,2020-02-06
Rubén Plaza ,,2413,1745,782,1206,433,39,2020-02-06
Alexander Grigoryev,Atum general / Tavira / Maria Nova Hotel,71,58,45,14,0,27,2020-02-06
Ryan Mullen,Trek - Segafredo,110,842,11,0,128,25,2020-02-06
Arjen Livyns,Bingoal - Wallonie Bruxelles,3,0,133,10,128,25,2020-02-06
Samir Jabrayilov ,,57,118,348,8,114,25,2020-02-06
Nils Eekhoff,Team Sunweb,14,115,282,0,82,22,2020-02-06
Maral-Erdene Batmunkh,Terengganu Inc. TSG Cycling Team,44,173,146,32,79,25,2020-02-06
Delio Fernández,NIPPO DELKO One Provence,740,144,518,438,161,33,2020-02-06
Nathan Brown,Rally Cycling,281,216,11,204,95,28,2020-02-06
Maarten Wynants,Team Jumbo-Visma,547,126,1008,38,1297,37,2020-02-06
Romain Sicard,Team Total Direct Energie,992,344,90,624,310,32,2020-02-06
Julien Vermote,"Cofidis, Solutions Crédits",600,381,328,72,450,30,2020-02-06
Ian Stannard,Team INEOS,654,445,781,24,1090,32,2020-02-06
Alexander Vdovin,Lokosphinx,63,2,136,54,132,26,2020-02-06
Paul Ourselin,Team Total Direct Energie,38,11,123,8,104,25,2020-02-06
Michał Paluta,CCC Team,54,92,194,8,54,24,2020-02-06
Efrén Santos,Canel's Pro Cycling,62,44,183,70,41,28,2020-02-06
Cristián Rodríguez,Caja Rural - Seguros RGA,160,3,5,114,70,24,2020-02-06
Rui Vinhas,W52 / FC Porto ,201,43,74,112,50,33,2020-02-06
Amir Kolahdozhagh,Ningxia Sports Lottery Continental Team,524,24,246,372,26,27,2020-02-06
Dmitriy Gruzdev,Astana Pro Team,643,621,305,26,243,33,2020-02-06
Héctor Carretero,Movistar Team,85,31,2,15,56,24,2020-02-06
Zhandos Bizhigitov,Astana Pro Team,196,165,272,60,137,28,2020-02-06
Siarhei Papok,Minsk Cycling Club,210,196,1826,36,307,32,2020-02-06
Edoardo Zardini,Vini Zabù - KTM,447,48,116,416,296,30,2020-02-06
Jason Christie,Aisan Racing Team,33,416,238,32,147,29,2020-02-06
Fabio Sabatini,"Cofidis, Solutions Crédits",525,145,1053,88,475,34,2020-02-06
Mitchell Docker,EF Pro Cycling,399,84,671,63,551,33,2020-02-06
Kris Boeckmans,B&B Hotels - Vital Concept p/b KTM,421,83,1791,50,946,32,2020-02-06
Paolo Simion,Tianyoude Hotel Cycling Team,119,20,912,18,178,27,2020-02-06
Guillaume Seye,BEAT Cycling Club ,20,3,44,0,46,23,2020-02-06
Szymon Tracz,CCC Development Team,41,80,19,12,1,21,2020-02-06
Olivier Le Gac,Groupama - FDJ,183,3,215,45,337,26,2020-02-06
Sjoerd van Ginneken ,,44,0,338,10,204,27,2020-02-06
Jonas Gregaard,Astana Pro Team,141,7,132,111,47,23,2020-02-06
Ian Garrison,Deceuninck - Quick Step,30,137,88,1,15,21,2020-02-06
Yevgeniy Fedorov,Vino - Astana Motors,178,17,12,1,98,19,2020-02-06
Łukasz Owsian,Team Arkéa Samsic,413,98,329,81,188,29,2020-02-06
Kazushige Kuboki,Team Bridgestone Cycling,55,223,401,31,15,30,2020-02-06
Domen Novak,Bahrain - McLaren,232,16,44,90,32,24,2020-02-06
Clément Carisey ,,64,35,50,21,26,27,2020-02-06
Sylwester Janiszewski,Voster ATS Team,78,50,1164,4,180,32,2020-02-06
Lachlan Morton,EF Pro Cycling,706,128,136,558,32,28,2020-02-06
Guillaume Van Keirsbulck,CCC Team,547,457,675,20,685,28,2020-02-06
Steve Morabito ,,1504,604,240,710,345,37,2020-02-06
Bruno Armirail,Groupama - FDJ,79,162,8,55,24,25,2020-02-06
Marcelo Felipe,7 Eleven Cliqq - air21 by Roadbike Philippines,153,20,284,108,7,29,2020-02-06
Didier Munyaneza,Benediction Ignite XL,60,14,160,42,51,22,2020-02-06
Damien Gaudin,Team Total Direct Energie,667,1103,611,24,620,33,2020-02-06
Luis Ángel Maté,"Cofidis, Solutions Crédits",873,4,394,663,493,35,2020-02-06
Mattia Frapporti,Androni Giocattoli - Sidermec,39,32,134,18,63,25,2020-02-06
David Lozano,Team Novo Nordisk,120,0,138,68,38,31,2020-02-06
Pieter Vanspeybrouck,Circus - Wanty Gobert,251,135,1316,90,770,32,2020-02-06
Dylan Sunderland,NTT Pro Cycling,73,45,72,45,60,23,2020-02-06
Rubén Fernández,Fundación - Orbea,816,74,167,424,164,28,2020-02-06
Moreno Hofland,EF Pro Cycling,332,170,2621,28,720,28,2020-02-06
János Pelikán,Androni Giocattoli - Sidermec,24,190,123,2,61,24,2020-02-06
Hannes Bergström Frisk,Memil - CCN Pro Cycling,96,68,12,28,2,24,2020-02-06
Andrea Peron,Team Novo Nordisk,60,30,648,13,94,31,2020-02-06
Frederico Figueiredo,Atum general / Tavira / Maria Nova Hotel,271,10,110,216,32,28,2020-02-06
Kevin Deltombe,Sport Vlaanderen - Baloise,68,6,276,38,202,25,2020-02-06
Tom Devriendt,Circus - Wanty Gobert,26,30,502,20,501,28,2020-02-06
Henrique Casimiro,Kelly / InOutBuild / UD Oliveirense,280,50,86,184,7,33,2020-02-06
Jacopo Mosca,Trek - Segafredo,374,68,364,100,26,26,2020-02-06
Atsushi Oka,NIPPO DELKO One Provence,37,219,122,7,9,24,2020-02-06
Ka Hoo Fung,HKSI Pro Cycling Team,130,99,24,55,10,22,2020-02-06
Andrea Garosio,Vini Zabù - KTM,37,4,30,37,39,26,2020-02-06
Alexis Guerin,Team Vorarlberg Santic,85,85,131,68,75,27,2020-02-06
